{"cameraMode":{"drawMode":0,"name":"Shaded","section":"Shading Mode"},"sceneLighting":true,"audioPlay":false,"sceneViewState":{"showFog":true,"showMaterialUpdate":false,"showSkybox":true,"showFlares":true,"showImageEffects":true,"showParticleSystems":true},"in2DMode":false,"pivot":{"x":-0.12549030780792237,"y":0.28180742263793948,"z":0.00106048583984375},"rotation":{"x":-0.21067583560943604,"y":0.03429631516337395,"z":-0.00739621976390481,"w":-0.9769286513328552},"size":1.3663874864578248,"orthographic":true}