{"cameraMode":{"drawMode":0,"name":"Shaded","section":"Shading Mode"},"sceneLighting":true,"audioPlay":false,"sceneViewState":{"showFog":true,"showMaterialUpdate":false,"showSkybox":true,"showFlares":true,"showImageEffects":true,"showParticleSystems":true},"in2DMode":false,"pivot":{"x":0.112548828125,"y":0.453857421875,"z":0.076080322265625},"rotation":{"x":0.021658634766936303,"y":-0.6495944261550903,"z":0.01851847767829895,"w":0.759746789932251},"size":1.2522094249725342,"orthographic":true}